year,activity_rate_15_64,bond_yield_10y,capital_stock_bn_eur2020,current_account_pct_gdp,employment_rate_20_64,employment_ths_persons,exports_pct_gdp,fertility_rate,gdp_deflator_growth,gdp_growth,gdp_nominal_bn_eur,gdp_pc_nominal_eur,gdp_pc_ppp_usd,gdp_pc_pps,gdp_pc_real_eur2015,gdp_real_bn_eur2015,gg_balance_pct_gdp,gg_expenditure_pct_gdp,gg_interest_pct_gdp,gg_revenue_pct_gdp,hicp_inflation,hours_worked_mn,household_debt_pct_gdp,household_saving_rate,investment_growth,investment_pct_gdp,labour_productivity_per_hour_idx,median_age,natural_change_ths,nawru,net_migration_ths,nfc_debt_pct_gdp,niip_pct_gdp,old_age_dependency,output_gap,population_mn,potential_gdp_bn_eur2020,potential_growth,primary_balance_pct_gdp,private_debt_pct_gdp,public_debt_pct_gdp,reer_cpi_ic42,reer_ulc_ea20,tfp_growth,tfp_idx_2020,tfp_solow_idx_2020,ulc_growth,unemployment_rate
1990,,,,,,,,1.39,,,,,,,,,,,,,,,,,,,,,,,,,,,,,,,,,,,,,,,,
1991,,,,,,,,1.37,,,,,,,,,,,,,,,,,,,,,,,,,,,,,,,,,,,,,,,,
1992,,,,,,,,1.36,,,,,,,,,,,,,,,,,,,,,,,,,,,,,,,,,,,,,,,,
1993,,,,,,,,1.32,,,,,,,,,,,,,,,,,,,,,,,,,,,,,,,,,,,,,,,,
1994,,,,,,,,1.33,,,,,,,,,,,,,,,,,,,,,,,,,,,,,,,,,,,,,,,,
1995,60.1,16.96,625.5727,-2.4,,4152.51,14.37,1.28,,,103.2064,9770.0,16630.593,12743.5,14290.0,150.9567,-9.9,46.6,10.8,36.8,,8984.63,5.7,15.68,,20.97,84.539,37.1,1.337,8.161,51.022,30.5,,22.7,0.7572,10.536,148.8624,,0.9,36.2,100.4,103.4118,85.1501,,92.4712,92.471,,10.0
1996,61.0,14.43,636.1968,-3.6,,4132.13,14.31,1.26,8.2,1.38,112.2623,10580.0,17084.307,13368.8,14430.0,153.0437,-8.4,46.1,10.5,37.8,7.9,8930.7,6.6,14.6,9.39,22.11,86.225,37.4,-0.022,8.298,40.957,30.5,,23.3,-0.1954,10.5883,152.3609,2.35,2.1,37.1,103.7,106.255,88.5646,1.18,93.5641,93.564,7.6,10.3
1997,60.8,9.92,646.9214,-3.8,,4120.75,16.37,1.27,6.6,3.6,122.4778,11490.0,17935.702,13913.7,14870.0,158.5577,-6.2,45.1,8.6,38.8,5.4,8891.189,8.3,10.37,3.08,21.59,89.728,37.7,2.3,8.401,61.683,31.1,,23.9,0.5047,10.6293,156.7507,2.88,2.4,39.4,102.6,104.8754,96.2973,3.3,96.6477,96.648,9.3,10.3
1998,63.0,8.48,662.0082,-2.7,,4298.7,16.49,1.24,5.3,3.44,124.7544,11640.0,18648.41,14505.1,15300.0,164.0072,-6.5,46.7,8.0,40.2,4.5,9272.884,9.3,9.08,17.9,24.51,88.992,37.9,-1.774,8.551,56.292,33.6,,24.4,0.8683,10.6933,161.5536,3.06,1.5,42.9,100.8,103.3935,96.9786,-0.16,96.4933,96.493,6.9,11.2
1999,63.7,6.3,678.4092,-3.7,,4308.05,19.42,1.23,3.5,2.66,134.5888,12510.0,19316.648,14840.6,15650.0,168.3678,-6.0,48.0,7.9,42.0,2.1,9270.34,10.9,9.99,7.01,25.39,91.383,38.2,-2.661,8.747,30.52,35.8,,24.9,-0.0534,10.7478,167.3785,3.61,1.9,46.7,102.8,105.5579,100.8477,1.8,98.2316,98.232,3.8,12.1
2000,63.9,6.1,695.3414,-6.1,,4324.32,24.01,1.25,1.6,4.14,137.8276,12750.0,20518.416,15631.4,16230.0,175.3346,-4.2,48.2,7.1,43.9,2.9,9299.219,13.6,9.3,4.79,25.94,94.869,38.5,-1.952,8.781,62.314,42.3,,25.5,-0.3582,10.7756,174.8374,4.46,2.9,55.9,108.9,97.2055,97.7873,3.03,101.2125,101.213,1.2,11.4
2001,63.3,5.3,712.3773,-7.1,,4334.45,23.16,1.25,3.5,4.65,147.4387,13570.0,21833.789,16808.7,16890.0,183.4883,-5.6,47.5,6.5,41.8,3.6,9284.608,17.4,7.35,3.93,25.6,99.437,38.7,-0.277,8.894,52.562,45.5,,26.2,-0.3806,10.836,183.0093,4.67,0.9,62.9,110.5,97.4031,95.645,3.87,105.1332,105.133,1.2,10.8
2002,64.1,5.12,727.0296,-6.4,,4440.87,20.38,1.28,3.0,4.68,158.9023,14580.0,23100.023,18024.6,17620.0,192.0814,-6.2,47.1,5.7,40.9,3.9,9465.217,21.3,8.73,-2.47,23.88,102.107,38.3,-0.346,9.019,27.842,45.3,,26.1,-0.3737,10.8883,191.5666,4.68,-0.5,66.6,107.9,99.9128,100.4887,2.65,107.9154,107.915,7.8,10.4
2003,64.9,4.27,745.1732,-6.5,,4491.12,18.87,1.29,3.6,5.8,174.096,15930.0,24858.798,19096.0,18600.0,203.216,-8.0,47.9,5.0,39.8,3.4,9564.337,24.7,10.59,11.76,24.88,106.907,38.6,-1.109,9.056,25.708,46.0,-61.2,26.6,0.0425,10.9158,201.8283,5.36,-3.0,70.7,104.3,106.0709,101.6371,4.18,112.4264,112.426,3.1,9.8
2004,66.3,4.26,765.4866,-5.7,,4606.83,20.61,1.31,3.0,5.38,188.9052,17240.0,26839.562,20287.2,19550.0,214.1446,-9.1,48.8,4.9,39.8,3.0,9735.132,29.7,10.7,7.61,25.04,110.68,38.9,0.713,9.269,28.83,46.1,-68.6,27.1,0.8013,10.9404,211.0813,4.58,-4.2,75.8,105.5,107.5529,101.8019,3.2,116.0201,116.02,1.4,10.6
2005,66.4,3.59,778.6619,-7.5,,4652.09,20.99,1.34,1.9,1.18,194.7734,17730.0,27933.371,20481.1,19720.0,216.6791,-6.3,46.6,4.8,40.3,3.5,10071.111,36.9,6.78,-12.02,21.36,108.253,39.2,2.454,9.32,32.35,51.1,-77.4,27.4,-1.0639,10.9699,217.606,3.09,-1.5,88.0,109.9,106.3237,107.9413,-1.61,114.1486,114.149,7.3,10.0
2006,66.7,4.07,798.6234,-11.0,,4742.95,20.77,1.4,3.4,6.44,214.2989,19450.0,30553.239,22327.0,20930.0,230.6406,-6.0,45.9,4.5,39.8,3.3,10190.83,41.7,10.42,18.7,24.06,113.875,39.5,6.566,9.372,24.726,52.9,-84.0,27.7,1.8809,11.0047,224.9322,3.37,-1.5,94.6,105.3,106.3111,107.3416,4.7,119.5105,119.511,-0.1,9.0
2007,66.5,4.5,822.7947,-14.1,,4806.73,21.75,1.41,3.4,3.51,229.2828,20750.0,32389.394,22815.1,21610.0,238.7288,-6.8,47.8,4.6,41.0,3.0,10270.706,47.1,8.94,11.91,25.53,116.952,39.9,2.031,9.467,22.898,56.3,-95.1,27.9,2.7975,11.036,230.7442,2.58,-2.2,103.4,104.6,107.047,108.5625,1.91,121.7976,121.798,2.7,8.4
2008,66.7,4.8,840.8251,-14.7,,4867.13,22.78,1.5,4.1,0.06,238.7354,21550.0,32957.884,23623.4,21560.0,238.866,-10.3,51.5,4.9,41.2,4.2,10336.126,50.9,9.17,-7.31,23.28,116.278,40.3,10.323,9.434,23.485,64.1,-76.8,28.0,1.3679,11.0609,234.133,1.47,-5.4,115.0,110.9,108.7912,109.3712,-1.11,120.4484,120.448,4.6,7.8
2009,67.4,5.17,850.2904,-11.0,65.4,4836.0,18.73,1.5,2.4,-4.12,234.3226,21100.0,31698.251,22620.2,20620.0,229.0265,-15.4,54.8,5.1,39.4,1.3,10148.379,52.9,11.12,-13.26,20.44,113.551,40.7,9.617,9.528,14.927,65.6,-88.7,28.2,-2.9015,11.0947,234.3591,0.1,-10.3,118.5,128.5,111.4565,111.3216,-3.35,116.4141,116.414,6.8,9.8
2010,67.8,9.09,850.0806,-10.1,63.5,4706.44,21.73,1.48,1.2,-5.69,223.5905,20100.0,30189.969,21075.8,19420.0,215.9863,-11.4,53.1,6.1,41.7,4.7,9587.642,62.2,4.99,-22.2,16.82,113.349,41.1,5.682,9.524,-1.579,67.8,-100.0,28.6,-7.5271,11.1193,232.0707,-0.98,-5.3,130.0,147.8,110.1418,113.9937,-2.14,113.9276,113.928,1.7,12.9
2011,67.3,15.75,842.6463,-10.1,59.3,4505.14,25.31,1.4,1.0,-9.88,203.475,18320.0,27759.303,19146.0,17530.0,194.6538,-10.5,55.1,7.7,44.6,3.1,9268.543,65.3,0.98,-25.25,13.87,105.67,41.5,-4.671,9.564,-32.315,67.8,-90.4,29.2,-14.3652,11.1234,225.8506,-2.68,-2.8,133.1,175.1,110.7871,116.282,-7.59,105.2824,105.282,2.6,18.1
2012,67.5,22.5,831.6725,-2.5,54.5,4325.83,28.97,1.34,-0.3,-8.33,185.8992,16830.0,26006.908,18153.6,16160.0,178.4369,-9.3,57.9,5.4,48.6,1.0,9080.87,67.0,-3.37,-18.84,12.28,98.869,42.0,-16.297,9.787,-66.494,70.1,-119.2,29.8,-18.7961,11.0864,218.3316,-3.33,-3.9,137.1,164.1,105.8679,115.2918,-6.68,98.2528,98.253,0.7,24.8
2013,67.5,10.05,820.1352,-2.1,52.5,4300.67,30.33,1.29,-2.0,-2.27,178.1139,16240.0,26043.07,18572.7,15900.0,174.3826,-13.6,63.9,4.2,50.3,-0.9,9058.323,66.8,-5.33,-9.36,11.54,96.863,42.4,-17.66,9.81,-68.052,68.0,-132.3,30.5,-18.4169,11.0036,212.379,-2.73,-9.4,134.8,180.4,105.3172,106.4456,-1.63,96.647,96.647,-6.7,27.8
2014,67.4,6.93,809.4104,-1.5,53.1,4453.73,32.52,1.3,-1.9,0.79,176.0718,16160.0,26894.315,18958.3,16140.0,175.7642,-3.8,51.5,4.0,47.7,-1.4,9158.616,65.0,-3.48,-2.23,11.23,96.561,43.0,-21.591,9.651,-54.662,68.7,-133.9,31.3,-16.0996,10.8943,208.1492,-1.99,0.2,133.7,182.7,104.6731,103.7094,0.54,97.1646,97.165,-1.7,26.6
2015,67.8,9.67,799.6185,-1.5,54.8,4322.57,32.19,1.33,-0.2,-0.23,175.3629,16210.0,27253.512,19131.7,16210.0,175.3629,-5.9,54.8,3.6,48.9,-1.1,8823.481,63.2,-1.63,0.18,11.16,100.0,43.5,-29.336,9.611,-53.29,67.0,-136.9,32.0,-15.0748,10.818,205.168,-1.43,-2.3,130.2,179.6,100.0,100.0,2.66,99.7445,99.745,-3.3,25.0
2016,68.2,8.36,790.9142,-2.4,55.9,4469.51,31.18,1.38,-0.5,-0.03,174.4482,16190.0,27693.158,19106.0,16270.0,175.3071,0.2,50.3,3.2,50.5,0.0,9159.918,61.3,-2.24,2.57,11.37,96.296,44.0,-25.89,9.665,-1.998,66.1,-139.2,32.7,-13.6466,10.7354,201.7105,-1.69,3.4,127.4,183.1,101.1566,98.5776,-2.06,97.6902,97.69,-0.4,23.9
2017,68.3,5.98,784.3013,-2.5,57.4,4446.63,34.78,1.35,0.2,1.47,177.3785,16490.0,28645.684,19700.8,16540.0,177.8896,0.7,48.6,3.1,49.3,1.1,9132.782,58.2,-4.26,7.66,12.05,98.005,44.3,-35.948,9.603,-4.243,62.3,-143.0,33.3,-11.5654,10.7075,199.8652,-0.91,3.8,120.5,182.1,101.7613,96.9785,1.97,99.613,99.613,-1.0,21.8
2018,68.2,4.19,777.2106,-3.5,59.0,4650.34,38.63,1.35,-0.2,2.06,180.6157,16830.0,29769.073,20203.0,16920.0,181.5625,0.9,48.6,3.4,49.5,0.8,9620.558,58.5,-7.01,-4.57,11.33,94.957,44.7,-33.856,9.554,1.733,60.3,-147.8,33.8,-8.7813,10.6673,197.7657,-1.05,4.3,118.8,189.0,103.8514,93.9317,-1.02,98.6015,98.602,-1.0,19.7
2019,68.4,2.59,770.5818,-2.1,60.8,4751.96,39.56,1.34,0.2,2.28,185.1812,17270.0,31918.392,20765.1,17320.0,185.697,0.8,47.7,3.0,48.5,0.5,9612.781,55.4,-2.42,-0.83,10.97,97.198,45.1,-41.202,9.46,18.58,54.3,-156.9,34.3,-6.3052,10.6352,196.9237,-0.43,3.8,109.7,183.2,101.6817,91.1668,2.64,101.2028,101.203,-0.3,17.9
2020,67.4,1.27,764.6494,-7.2,58.3,4629.79,31.45,1.39,-0.4,-9.2,167.5395,15660.0,29478.097,18866.4,15760.0,168.6198,-9.9,59.3,3.0,49.4,-1.3,8475.969,58.7,0.65,1.67,12.3,100.097,45.4,-46.283,9.574,-10.964,65.0,-177.1,34.7,-14.0976,10.6126,195.0348,-0.96,-6.9,123.7,209.4,102.0421,93.1899,-1.19,100.0,100.0,6.8,17.6
2021,67.3,0.88,763.2638,-7.2,62.6,4865.56,40.26,1.43,1.4,8.65,184.5746,17350.0,33233.409,21245.7,17220.0,183.213,-7.2,56.6,2.5,49.3,0.6,9515.148,54.6,4.43,21.66,13.79,96.882,45.8,-58.577,9.373,-35.14,65.5,-175.6,35.2,-6.0228,10.5553,193.7058,-0.68,-4.7,120.1,197.3,100.5014,92.3956,0.85,100.8501,100.85,-1.7,14.7
2022,69.4,3.49,767.0684,-10.7,66.3,5037.39,49.23,1.32,6.3,5.52,207.0087,19570.0,38341.94,24026.4,18270.0,193.33,-2.6,53.1,2.5,50.5,9.3,10054.494,45.1,-4.99,22.11,15.72,96.748,46.2,-64.0,9.293,4.241,54.7,-149.4,35.7,-0.6624,10.4616,193.3724,-0.17,-0.1,99.8,177.8,99.2128,89.6595,1.63,102.4942,102.494,0.1,12.5
2023,69.5,4.0,772.2881,-6.8,67.4,5135.82,43.84,1.26,6.3,2.14,224.6862,21300.0,40795.65,26263.1,18720.0,197.4594,-1.4,49.5,3.4,48.1,4.2,10260.971,40.9,-2.44,6.53,15.88,96.826,46.6,-55.92,9.229,29.816,53.1,-145.9,36.2,1.0429,10.4019,194.1694,0.41,2.0,94.0,164.3,100.9121,86.5143,0.56,103.0644,103.064,3.2,11.1
2024,70.5,3.35,778.4798,-7.2,69.3,5183.48,42.11,1.24,3.2,2.09,236.736,22480.0,42837.986,27373.2,19140.0,201.5795,1.3,48.1,3.5,49.4,3.0,10391.466,39.0,-2.51,4.46,16.04,97.605,46.9,-57.564,9.165,54.135,55.6,-137.6,36.8,2.2327,10.3758,195.9138,0.9,4.8,94.6,154.2,101.395,86.3426,0.97,104.063,104.063,4.6,10.1
2025,70.9,3.37,787.4742,-5.7,71.0,5226.0,39.46,,2.8,2.07,248.3537,23570.0,44981.338,28469.9,19530.0,205.7584,1.7,48.3,3.2,50.0,2.9,10333.141,38.0,,8.88,16.88,100.191,47.2,-55.386,9.035,49.637,58.6,-136.4,37.4,2.7034,10.3723,199.0588,1.61,4.9,96.6,146.1,102.5288,85.4578,2.04,106.1818,106.182,2.3,8.9
2026,,,,,,,,,,,,,,,,,,,,,,,,,,,,,,,,,,,,10.3666,,,,,,,,,,,,
